method,kv,cache,ce_mean,ce_std,acc_mean,acc_std,trainable
MHA_LFOM,4,1.0,2.017762506008148,0.02526098339483498,0.416943359375,0.010012742507036073,12480.0
MQA_LFOM,1,0.25,2.0776185035705566,0.018497155993370106,0.4024658203125,0.0021061285963075564,12480.0
MHA_MLP,4,1.0,2.0941456258296967,0.021762988843933753,0.3937255859375,0.010461589584937675,8320.0
GQA_LFOM,2,0.5,2.1064306855201718,0.0059393928977431966,0.3934814453125,0.0036943567181133255,12480.0
MHA_teacher,4,1.0,2.1338226735591888,0.024183600365090104,0.385986328125,0.011670024025442028,86720.0
GQA_MLP,2,0.5,2.1378160536289217,0.003137706431090528,0.3825927734375,0.0030728761487110825,8320.0
MQA_MLP,1,0.25,2.2037498533725737,0.009989182418718483,0.3742431640625,0.0012774878371045592,8320.0
GQA,2,0.5,2.2145965695381165,0.0003714317465566813,0.3758056640625,0.0018989684065068414,0.0
MQA,1,0.25,2.3570716857910154,0.026894055763456028,0.36164550781250004,0.004799211063717263,0.0
